timestamp,metric_name,value,sample_size
2026-08-01T00:00:00,eval_accuracy,93.04,195
2026-08-01T01:00:00,eval_accuracy,93.26,197
2026-08-01T02:00:00,eval_accuracy,93.73,199
2026-08-01T03:00:00,eval_accuracy,94.12,201
2026-08-01T04:00:00,eval_accuracy,94.67,203
2026-08-01T05:00:00,eval_accuracy,95.05,205
2026-08-01T06:00:00,eval_accuracy,93.12,207
2026-08-01T07:00:00,eval_accuracy,93.28,209
2026-08-01T08:00:00,eval_accuracy,93.78,195
2026-08-01T09:00:00,eval_accuracy,94.06,197
2026-08-01T10:00:00,eval_accuracy,94.52,199
2026-08-01T11:00:00,eval_accuracy,95.0,201
2026-08-01T12:00:00,eval_accuracy,92.86,203
2026-08-01T13:00:00,eval_accuracy,93.31,205
2026-08-01T14:00:00,eval_accuracy,93.84,207
2026-08-01T15:00:00,eval_accuracy,94.21,209
2026-08-01T16:00:00,eval_accuracy,94.52,195
2026-08-01T17:00:00,eval_accuracy,95.03,197
2026-08-01T18:00:00,eval_accuracy,93.09,199
2026-08-01T19:00:00,eval_accuracy,93.25,201
2026-08-01T20:00:00,eval_accuracy,93.89,203
2026-08-01T21:00:00,eval_accuracy,94.26,205
2026-08-01T22:00:00,eval_accuracy,94.55,207
2026-08-01T23:00:00,eval_accuracy,94.9,209
2026-08-02T00:00:00,eval_accuracy,93.14,195
2026-08-02T01:00:00,eval_accuracy,93.35,197
2026-08-02T02:00:00,eval_accuracy,93.68,199
2026-08-02T03:00:00,eval_accuracy,94.08,201
2026-08-02T04:00:00,eval_accuracy,94.7,203
2026-08-02T05:00:00,eval_accuracy,95.03,205
